{"cameraMode":{"drawMode":0,"name":"Shaded","section":"Shading Mode"},"sceneLighting":true,"audioPlay":false,"sceneViewState":{"m_AlwaysRefresh":false,"showFog":true,"showSkybox":true,"showFlares":true,"showImageEffects":true,"showParticleSystems":true,"showVisualEffectGraphs":true,"m_FxEnabled":true},"in2DMode":false,"pivot":{"x":426.6000061035156,"y":192.60000610351563,"z":1.9905638694763184},"rotation":{"x":-0.11554938554763794,"y":0.0011795005993917585,"z":-0.0001500257640145719,"w":-0.9933592081069946},"size":246.76046752929688,"orthographic":false}